path,size_bytes
.gitignore,259
README.md,3860
REPRODUCIBILITY.md,640
SOURCE_NOTEBOOK_MAP.md,561
data/README.md,374
environment.yml,359
notebooks/00_build_california_grid_mask.ipynb,11681
notebooks/01_harmonise_catalogue.ipynb,31558
notebooks/02_final_eda.ipynb,27566
notebooks/03_lt_poisson_xgboost_model_selection.ipynb,122831
notebooks/04_xgboost_4_vs_5_tuned_bootstrap_check.ipynb,40814
notebooks/05_convlstm_model.ipynb,122647
notebooks/06_final_test_evaluation.ipynb,60764
outputs/README.md,326
outputs/audit/.gitkeep,0
outputs/figures/.gitkeep,0
outputs/models/.gitkeep,0
outputs/predictions/.gitkeep,0
outputs/tables/.gitkeep,0
reference_results/final_test_scores.csv,217
reference_results/xgb_4_vs_5_bootstrap.csv,264
reference_results/xgb_4_vs_5_validation.csv,121
requirements.txt,193
scripts/check_environment.py,443
scripts/verify_reference_results.py,466
